"Path","Slice Name","Alias(s)","Label","Min","Max","Must Support?","Is Modifier?","Is Summary?","Type(s)","Short","Definition","Comments","Requirements","Default Value","Meaning When Missing","Fixed Value","Pattern","Example","Minimum Value","Maximum Value","Maximum Length","Binding Strength","Binding Description","Binding Value Set","Code","Slicing Discriminator","Slicing Description","Slicing Ordered","Slicing Rules","Base Path","Base Min","Base Max","Condition(s)","Constraint(s)","Mapping: RIM Mapping","Mapping: W5 Mapping","Mapping: HL7 v2 Mapping","Mapping: XDS metadata equivalent"
"DocumentReference","","","",0,*,"","","","","OMH DocumentReference Profile","The Open mHealth (OMH) Document Reference Profile defines the minimum expectations for the using the DocumentReference resource to record, search and fetch omh schema in its native json format.","Usually, this is used for documents other than those defined by FHIR.","","","","","","","","",,,,,"",,,,"DocumentReference",0,*,"","dom-2:If the resource is contained in another resource, it SHALL NOT contain nested Resources {contained.contained.empty()}
dom-1:If the resource is contained in another resource, it SHALL NOT contain any narrative {contained.text.empty()}dom-4:If a resource is contained in another resource, it SHALL NOT have a meta.versionId or a meta.lastUpdated {contained.meta.versionId.empty() and contained.meta.lastUpdated.empty()}dom-3:If the resource is contained in another resource, it SHALL be referred to from elsewhere in the resource {contained.where(('#'+id in %resource.descendants().reference).not()).empty()}","Entity. Role, or Act","Document[classCode=""DOC"" and moodCode=""EVN""]","infrastructure.documents"
"DocumentReference.id","","","",0,1,"","","Y","id {[]} {[]}
","Logical id of this artifact","The logical id of the resource, as used in the URL for the resource. Once assigned, this value never changes.","The only time that a resource does not have an id is when it is being submitted to the server using a create operation.","","","","","","","","",,,,,"",,,,"Resource.id",0,1,"",""
"DocumentReference.meta","","","",0,1,"","","Y","Meta {[]} {[]}
","Metadata about the resource","The metadata about the resource. This is content that is maintained by the infrastructure. Changes to the content may not always be associated with version changes to the resource.","","","","","","","","","",,,,,"",,,,"Resource.meta",0,1,"",""
"DocumentReference.implicitRules","","","",0,1,"","Y","Y","uri {[]} {[]}
","A set of rules under which this content was created","A reference to a set of rules that were followed when the resource was constructed, and which must be understood when processing the content.","Asserting this rule set restricts the content to be only understood by a limited set of trading partners. This inherently limits the usefulness of the data in the long term. However, the existing health eco-system is highly fractured, and not yet ready to define, collect, and exchange data in a generally computable sense. Wherever possible, implementers and/or specification writers should avoid using this element. 

This element is labelled as a modifier because the implicit rules may provide additional knowledge about the resource that modifies it's meaning or interpretation.","","","","","","","","",,,,,"",,,,"Resource.implicitRules",0,1,"",""
"DocumentReference.language","","","",0,1,"","","","code {[]} {[]}
","Language of the resource content","The base language in which the resource is written.","Language is provided to support indexing and accessibility (typically, services such as text to speech use the language tag). The html language tag in the narrative applies  to the narrative. The language tag on the resource may be used to specify the language of other presentations generated from the data in the resource  Not all the content has to be in the base language. The Resource.language should not be assumed to apply to the narrative automatically. If a language is specified, it should it also be specified on the div element in the html (see rules in HTML5 for information about the relationship between xml:lang and the html lang attribute).","","","","","","","","",,"extensible","A human language.","http://hl7.org/fhir/ValueSet/languages","",,,,"Resource.language",0,1,"",""
"DocumentReference.text","","narrative
htmlxhtmldisplay","",0,1,"","","","Narrative {[]} {[]}
","Text summary of the resource, for human interpretation","A human-readable narrative that contains a summary of the resource, and may be used to represent the content of the resource to a human. The narrative need not encode all the structured data, but is required to contain sufficient detail to make it ""clinically safe"" for a human to just read the narrative. Resource definitions may define what content should be represented in the narrative to ensure clinical safety.","Contained resources do not have narrative. Resources that are not contained SHOULD have a narrative. In some cases, a resource may only have text with little or no additional discrete data (as long as all minOccurs=1 elements are satisfied).  This may be necessary for data from legacy systems where information is captured as a ""text blob"" or where text is additionally entered raw or narrated and encoded in formation is added later.","","","","","","","","",,,,,"",,,,"DomainResource.text",0,1,"dom-1
","","Act.text?"
"DocumentReference.contained","","SubjectOfCare Client Resident
","",1,*,"Y","","","Patient {[CanonicalType[http://www.fhir.org/guides/mfhir/StructureDefinition/contained-p]]} {[]}
","Contained patient resource.","The contained element houses a Patient resource in which the opaque patient identifier is represented.","This should never be done when the content can be identified properly, as once identification is lost, it is extremely difficult (and context dependent) to restore it again.","The opaque patient identifier is needed for searching omh schemas by patient.","","","","","","","",,,,,"",,,,"DomainResource.contained",0,*,"","dom-2:If the resource is contained in another resource, it SHALL NOT contain nested Resources {contained.contained.empty()}
dom-1:If the resource is contained in another resource, it SHALL NOT contain any narrative {contained.text.empty()}dom-4:If a resource is contained in another resource, it SHALL NOT have a meta.versionId or a meta.lastUpdated {contained.meta.versionId.empty() and contained.meta.lastUpdated.empty()}dom-3:If the resource is contained in another resource, it SHALL be referred to from elsewhere in the resource {contained.where(('#'+id in %resource.descendants().reference).not()).empty()}","Entity. Role, or Act","Patient[classCode=PAT]","administrative.individual"
"DocumentReference.extension","","extensions
user content","",0,*,"","","","Extension {[]} {[]}
","Additional Content defined by implementations","May be used to represent additional information that is not part of the basic definition of the resource. In order to make the use of extensions safe and manageable, there is a strict set of governance  applied to the definition and use of extensions. Though any implementer is allowed to define an extension, there is a set of requirements that SHALL be met as part of the definition of the extension.","There can be no stigma associated with the use of extensions by any application, project, or standard - regardless of the institution or jurisdiction that uses or defines the extensions.  The use of extensions is what allows the FHIR specification to retain a core level of simplicity for everyone.","","","","","","","","",,,,,"",,,,"DomainResource.extension",0,*,"","","N/A"
"DocumentReference.modifierExtension","","extensions
user content","",0,*,"","Y","","Extension {[]} {[]}
","Extensions that cannot be ignored","May be used to represent additional information that is not part of the basic definition of the resource, and that modifies the understanding of the element that contains it. Usually modifier elements provide negation or qualification. In order to make the use of extensions safe and manageable, there is a strict set of governance applied to the definition and use of extensions. Though any implementer is allowed to define an extension, there is a set of requirements that SHALL be met as part of the definition of the extension. Applications processing a resource are required to check for modifier extensions.","There can be no stigma associated with the use of extensions by any application, project, or standard - regardless of the institution or jurisdiction that uses or defines the extensions.  The use of extensions is what allows the FHIR specification to retain a core level of simplicity for everyone.","","","","","","","","",,,,,"",,,,"DomainResource.modifierExtension",0,*,"","","N/A"
"DocumentReference.masterIdentifier","","","",0,1,"","","Y","Identifier {[]} {[]}
","Master Version Specific Identifier","Document identifier as assigned by the source of the document. This identifier is specific to this version of the document. This unique identifier may be used elsewhere to identify this version of the document.","CDA Document Id extension and root.","The structure and format of this Id shall be consistent with the specification corresponding to the formatCode attribute. (e.g. for a DICOM standard document a 64-character numeric UID, for an HL7 CDA format a serialization of the CDA Document Id extension and root in the form ""oid^extension"", where OID is a 64 digits max, and the Id is a 16 UTF-8 char max. If the OID is coded without the extension then the '^' character shall not be included.).","","","","","","","",,,,,"",,,,"DocumentReference.masterIdentifier",0,1,"","",".id","id","TXA-12","DocumentEntry.uniqueId"
"DocumentReference.identifier","","","",0,*,"Y","","Y","Identifier {[]} {[]}
","Other identifiers for the document","Other identifiers associated with the document, including version independent identifiers.","","","","","","","","","",,,,,"",,,,"DocumentReference.identifier",0,*,"","",".id / .setId","id","TXA-16?","DocumentEntry.entryUUID"
"DocumentReference.status","","","",1,1,"Y","Y","Y","code {[]} {[]}
","current | superseded | entered-in-error","The status of this document reference.","This is the status of the DocumentReference object, which might be independent from the docStatus element.

This element is labeled as a modifier because the status contains the codes that mark the document or reference as not currently valid.","The omh datapoint type is needed for searching omh schemas by referenceed description codes from a standard vocabulary.","","","","","","","",,"required","The status of the document reference.","http://hl7.org/fhir/ValueSet/document-reference-status","",,,,"DocumentReference.status",1,1,"","","interim: .completionCode=""IN"" & ./statusCode[isNormalDatatype()]=""active"";  final: .completionCode=""AU"" &&  ./statusCode[isNormalDatatype()]=""complete"" and not(./inboundRelationship[typeCode=""SUBJ"" and isNormalActRelationship()]/source[subsumesCode(""ActClass#CACT"") and moodCode=""EVN"" and domainMember(""ReviseDocument"", code) and isNormalAct()]);  amended: .completionCode=""AU"" &&  ./statusCode[isNormalDatatype()]=""complete"" and ./inboundRelationship[typeCode=""SUBJ"" and isNormalActRelationship()]/source[subsumesCode(""ActClass#CACT"") and moodCode=""EVN"" and domainMember(""ReviseDocument"", code) and isNormalAct() and statusCode=""completed""];  withdrawn : .completionCode=NI &&  ./statusCode[isNormalDatatype()]=""obsolete""","status","TXA-19","DocumentEntry status"
"DocumentReference.docStatus","","","",0,1,"","","Y","code {[]} {[]}
","preliminary | final | appended | amended | entered-in-error","The status of the underlying document.","The document that is pointed to might be in various lifecycle states.","","","","","","","","",,"required","Status of the underlying document.","http://hl7.org/fhir/ValueSet/composition-status","",,,,"DocumentReference.docStatus",0,1,"","",".statusCode","status","TXA-17"
"DocumentReference.type","","","",1,1,"Y","","Y","CodeableConcept {[]} {[]}
","OMH datapoint type","Specifies the particular kind of document referenced  (e.g. History and Physical, Discharge Summary, Progress Note). This usually equates to the purpose of making the document referenced.","Key metadata element describing the document, used in searching/filtering.","","","","","","","","",,"extensible","Omh Datapoint Type codes defined in the schema definitions.","http://www.fhir.org/guides/mfhir/ValueSet/dp-type","",,,,"DocumentReference.type",1,1,"","","./code","class","TXA-2","DocumentEntry.type"
"DocumentReference.type.id","","","",0,1,"","","","string {[]} {[]}
","xml:id (or equivalent in JSON)","unique id for the element within a resource (for internal references). This may be any string value that does not contain spaces.","","","","","","","","","",,,,,"",,,,"Element.id",0,1,"","","n/a"
"DocumentReference.type.extension","","extensions
user content","",0,*,"","","","Extension {[]} {[]}
","Additional Content defined by implementations","May be used to represent additional information that is not part of the basic definition of the element. In order to make the use of extensions safe and manageable, there is a strict set of governance  applied to the definition and use of extensions. Though any implementer is allowed to define an extension, there is a set of requirements that SHALL be met as part of the definition of the extension.","There can be no stigma associated with the use of extensions by any application, project, or standard - regardless of the institution or jurisdiction that uses or defines the extensions.  The use of extensions is what allows the FHIR specification to retain a core level of simplicity for everyone.","","","","","","","","",,,,,"","value:url}
","Extensions are always sliced by (at least) url",,"open","Element.extension",0,*,"","","n/a"
"DocumentReference.type.coding","","","",0,*,"","","Y","Coding {[]} {[]}
","Code defined by a terminology system","A reference to a code defined by a terminology system.","Codes may be defined very casually in enumerations, or code lists, up to very formal definitions such as SNOMED CT - see the HL7 v3 Core Principles for more information.  Ordering of codings is undefined and SHALL NOT be used to infer meaning. Generally, at most only one of the coding values will be labeled as UserSelected = true.","Allows for translations and alternate encodings within a code system.  Also supports communication of the same instance to systems requiring different encodings.","","","","","","","",,,,,"",,,,"CodeableConcept.coding",0,*,"","","union(., ./translation)","C*E.1-8, C*E.10-22"
"DocumentReference.type.text","","","",1,1,"Y","","Y","string {[]} {[]}
","Omh Schema name","The schema names taken from http://www.openmhealth.org/documentation/#/schema-docs/schema-library.","The `designation` element in http://www.fhir.org/guides/mfhir/ValueSet/dp-type valueset defines and associates these values with the code.","Omh Schema name  is needed for searching omh schemas by common schema names.","","","","","","","",,,,,"",,,,"CodeableConcept.text",0,1,"","","./originalText[mediaType/code=""text/plain""]/data","C*E.9. But note many systems use C*E.2 for this"
"DocumentReference.class","","kind
","",1,1,"Y","","Y","CodeableConcept {[]} {[]}
","OMH datapoint class","A categorization for the type of document referenced - helps for indexing and searching. This may be implied by or derived from the code specified in the DocumentReference.type.","This is a metadata field from [XDS/MHD](http://wiki.ihe.net/index.php?title=Mobile_access_to_Health_Documents_(MHD)).","Helps humans to assess whether the document is of interest when viewing a list of documents.","","","<valueCodeableConcept xmlns=""http://hl7.org/fhir"">
  <text value=""OMH datapoint""/>
</valueCodeableConcept>","","","","",,"example","High-level kind of a clinical document at a macro level.","http://hl7.org/fhir/ValueSet/c80-doc-classcodes","",,,,"DocumentReference.class",0,1,"","",".outboundRelationship[typeCode=""COMP].target[classCode=""LIST"", moodCode=""EVN""].code","class","DocumentEntry.class"
"DocumentReference.subject","","","",1,1,"Y","","Y","Reference {[]} {[CanonicalType[http://hl7.org/fhir/StructureDefinition/Patient]]}
","Who/what is the subject of the document","Who or what the document is about. The document can be about a person, (patient or healthcare practitioner), a device (e.g. a machine) or even a group of subjects (such as a document about a herd of farm animals, or a set of patients that share a common exposure).","","","","","","","","","",,,,,"",,,,"DocumentReference.subject",0,1,"","omh-1:SHALL be a reference to a contained patient. {reference.startsWith('#')}
",".participation[typeCode=""SBJ""].role[typeCode=""PAT""]","who.focus","PID-3 (No standard way to define a Practitioner or Group subject in HL7 v2 MDM message)","DocumentEntry.patientId"
"DocumentReference.subject.id","","","",0,1,"","","","string {[]} {[]}
","xml:id (or equivalent in JSON)","unique id for the element within a resource (for internal references). This may be any string value that does not contain spaces.","","","","","","","","","",,,,,"",,,,"Element.id",0,1,"","","n/a"
"DocumentReference.subject.extension","","extensions
user content","",0,*,"","","","Extension {[]} {[]}
","Additional Content defined by implementations","May be used to represent additional information that is not part of the basic definition of the element. In order to make the use of extensions safe and manageable, there is a strict set of governance  applied to the definition and use of extensions. Though any implementer is allowed to define an extension, there is a set of requirements that SHALL be met as part of the definition of the extension.","There can be no stigma associated with the use of extensions by any application, project, or standard - regardless of the institution or jurisdiction that uses or defines the extensions.  The use of extensions is what allows the FHIR specification to retain a core level of simplicity for everyone.","","","","","","","","",,,,,"","value:url}
","Extensions are always sliced by (at least) url",,"open","Element.extension",0,*,"","","n/a"
"DocumentReference.subject.reference","","","",1,1,"Y","","Y","string {[]} {[]}
","Reference to contained patient","A reference to a location at which the other resource is found. The reference may be a relative reference, in which case it is relative to the service base URL, or an absolute URL that resolves to the location where the resource is found. The reference may be version specific or not. If the reference is not to a FHIR RESTful server, then it should be assumed to be version specific. Internal fragment references (start with '#') refer to contained resources.","Using absolute URLs provides a stable scalable approach suitable for a cloud/web context, while using relative/logical references provides a flexible approach suitable for use when trading across closed eco-system boundaries.   Absolute URLs do not need to point to a FHIR RESTful server, though this is the preferred approach. If the URL conforms to the structure ""/[type]/[id]"" then it should be assumed that the reference is to a FHIR RESTful server.","Reference the contained patient resource id in order to search omh schemas by patient opaque identifiers.","","","","","","","",,,,,"",,,,"Reference.reference",0,1,"ref-1
","","N/A"
"DocumentReference.subject.identifier","","","",0,1,"","","Y","Identifier {[]} {[]}
","Logical reference, when literal reference is not known","An identifier for the other resource. This is used when there is no way to reference the other resource directly, either because the entity is not available through a FHIR server, or because there is no way for the author of the resource to convert a known identifier to an actual location. There is no requirement that a Reference.identifier point to something that is actually exposed as a FHIR instance, but it SHALL point to a business concept that would be expected to be exposed as a FHIR instance, and that instance would need to be of a FHIR resource type allowed by the reference.","When an identifier is provided in place of a reference, any system processing the reference will only be able to resolve the identifier to a reference if it understands the business context in which the identifier is used. Sometimes this is global (e.g. a national identifier) but often it is not. For this reason, none of the useful mechanisms described for working with references (e.g. chaining, includes) are possible, nor should servers be expected to be able resolve the reference. Servers may accept an identifier based reference untouched, resolve it, and/or reject it - see CapabilityStatement.rest.resource.referencePolicy. 

When both an identifier and a literal reference are provided, the literal reference is preferred. Applications processing the resource are allowed - but not required - to check that the identifier matches the literal reference

Applications converting a logical reference to a literal reference may choose to leave the logical reference present, or remove it.","","","","","","","","",,,,,"",,,,"Reference.identifier",0,1,"","",".identifier"
"DocumentReference.subject.display","","","",0,1,"","","Y","string {[]} {[]}
","Text alternative for the resource","Plain text narrative that identifies the resource in addition to the resource reference.","This is generally not the same as the Resource.text of the referenced resource.  The purpose is to identify what's being referenced, not to fully describe it.","","","","","","","","",,,,,"",,,,"Reference.display",0,1,"","","N/A"
"DocumentReference.created","","","",0,1,"Y","","Y","dateTime {[]} {[]}
","Document creation time","When the document was created.","Creation time is used for tracking, organizing versions and searching. This is the creation time of the document, not the source material on which it is based.","","","","","","","","",,,,,"",,,,"DocumentReference.created",0,1,"","",".effectiveTime[type=""TS""]","when.done","TXA-6","DocumentEntry.submissionTime"
"DocumentReference.indexed","","","",1,1,"Y","","Y","instant {[]} {[]}
","When this document reference was created","When the document reference was created.","Referencing/indexing time is used for tracking, organizing versions and searching.","","","","","","","","",,,,,"",,,,"DocumentReference.indexed",1,1,"","",".availabilityTime[type=""TS""]","when.recorded","DocumentEntry.submissionTime"
"DocumentReference.author","","","",0,*,"","","Y","Reference {[]} {[CanonicalType[http://hl7.org/fhir/StructureDefinition/Practitioner], CanonicalType[http://hl7.org/fhir/StructureDefinition/Organization], CanonicalType[http://hl7.org/fhir/StructureDefinition/Device], CanonicalType[http://hl7.org/fhir/StructureDefinition/Patient], CanonicalType[http://hl7.org/fhir/StructureDefinition/RelatedPerson]]}
","Who and/or what authored the document","Identifies who is responsible for adding the information to the document.","Not necessarily who did the actual data entry (i.e. typist) it in or who was the source (informant).","","","","","","","","",,,,,"",,,,"DocumentReference.author",0,*,"","",".participation[typeCode=""AUT""].role[classCode=""ASSIGNED""]","who.author","TXA-9 (No standard way to indicate a Device in HL7 v2 MDM message)","DocumentEntry.author"
"DocumentReference.authenticator","","","",0,1,"","","Y","Reference {[]} {[CanonicalType[http://hl7.org/fhir/StructureDefinition/Practitioner], CanonicalType[http://hl7.org/fhir/StructureDefinition/Organization]]}
","Who/what authenticated the document","Which person or organization authenticates that this document is valid.","Represents a participant within the author institution who has legally authenticated or attested the document. Legal authentication implies that a document has been signed manually or electronically by the legal Authenticator.","","","","","","","","",,,,,"",,,,"DocumentReference.authenticator",0,1,"","",".participation[typeCode=""AUTHEN""].role[classCode=""ASSIGNED""]","who.witness","TXA-10","DocumentEntry.legalAuthenticator"
"DocumentReference.custodian","","","",0,1,"","","Y","Reference {[]} {[CanonicalType[http://hl7.org/fhir/StructureDefinition/Organization]]}
","Organization which maintains the document","Identifies the organization or group who is responsible for ongoing maintenance of and access to the document.","Identifies the logical organization to go to find the current version, where to report issues, etc. This is different from the physical location of the document, which is the technical location of the document, which host may be delegated to the management of some other organization.","","","","","","","","",,,,,"",,,,"DocumentReference.custodian",0,1,"","",".participation[typeCode=""RCV""].role[classCode=""CUST""].scoper[classCode=""ORG"" and determinerCode=""INST""]"
"DocumentReference.relatesTo","","","",0,*,"","Y","Y","BackboneElement {[]} {[]}
","Relationships to other documents","Relationships that this document has with other document references that already exist.","This element is labeled as a modifier because documents that append to other documents are incomplete on their own.","","","","","","","","",,,,,"",,,,"DocumentReference.relatesTo",0,*,"","ele-1:All FHIR elements must have a @value or children {hasValue() | (children().count() > id.count())}
",".outboundRelationship"
"DocumentReference.relatesTo.id","","","",0,1,"","","","string {[]} {[]}
","xml:id (or equivalent in JSON)","unique id for the element within a resource (for internal references). This may be any string value that does not contain spaces.","","","","","","","","","",,,,,"",,,,"Element.id",0,1,"","","n/a"
"DocumentReference.relatesTo.extension","","extensions
user content","",0,*,"","","","Extension {[]} {[]}
","Additional Content defined by implementations","May be used to represent additional information that is not part of the basic definition of the element. In order to make the use of extensions safe and manageable, there is a strict set of governance  applied to the definition and use of extensions. Though any implementer is allowed to define an extension, there is a set of requirements that SHALL be met as part of the definition of the extension.","There can be no stigma associated with the use of extensions by any application, project, or standard - regardless of the institution or jurisdiction that uses or defines the extensions.  The use of extensions is what allows the FHIR specification to retain a core level of simplicity for everyone.","","","","","","","","",,,,,"",,,,"Element.extension",0,*,"","","n/a"
"DocumentReference.relatesTo.modifierExtension","","extensions
user contentmodifiers","",0,*,"","Y","Y","Extension {[]} {[]}
","Extensions that cannot be ignored","May be used to represent additional information that is not part of the basic definition of the element, and that modifies the understanding of the element that contains it. Usually modifier elements provide negation or qualification. In order to make the use of extensions safe and manageable, there is a strict set of governance applied to the definition and use of extensions. Though any implementer is allowed to define an extension, there is a set of requirements that SHALL be met as part of the definition of the extension. Applications processing a resource are required to check for modifier extensions.","There can be no stigma associated with the use of extensions by any application, project, or standard - regardless of the institution or jurisdiction that uses or defines the extensions.  The use of extensions is what allows the FHIR specification to retain a core level of simplicity for everyone.","","","","","","","","",,,,,"",,,,"BackboneElement.modifierExtension",0,*,"","","N/A"
"DocumentReference.relatesTo.code","","","",1,1,"","","Y","code {[]} {[]}
","replaces | transforms | signs | appends","The type of relationship that this document has with anther document.","If this document appends another document, then the document cannot be fully understood without also accessing the referenced document.","","","","","","","","",,"required","The type of relationship between documents.","http://hl7.org/fhir/ValueSet/document-relationship-type","",,,,"DocumentReference.relatesTo.code",1,1,"","",".outboundRelationship.typeCode","DocumentEntry Associations type"
"DocumentReference.relatesTo.target","","","",1,1,"","","Y","Reference {[]} {[CanonicalType[http://hl7.org/fhir/StructureDefinition/DocumentReference]]}
","Target of the relationship","The target document of this relationship.","","","","","","","","","",,,,,"",,,,"DocumentReference.relatesTo.target",1,1,"","",".target[classCode=""DOC"", moodCode=""EVN""].id","DocumentEntry Associations reference"
"DocumentReference.description","","","",0,1,"","","Y","string {[]} {[]}
","Human-readable description (title)","Human-readable description of the source document. This is sometimes known as the ""title"".","What the document is about, rather than a terse summary of the document. It is commonly the case that records do not have a title and are collectively referred to by the display name of Record code (e.g. a ""consultation"" or ""progress note"").","Helps humans to assess whether the document is of interest.","","","","","","","",,,,,"",,,,"DocumentReference.description",0,1,"","",".outboundRelationship[typeCode=""SUBJ""].target.text","TXA-25","DocumentEntry.description"
"DocumentReference.securityLabel","","","",0,*,"","","Y","CodeableConcept {[]} {[]}
","Document security-tags","A set of Security-Tag codes specifying the level of privacy/security of the Document. Note that DocumentReference.meta.security contains the security labels of the ""reference"" to the document, while DocumentReference.securityLabel contains a snapshot of the security labels on the document the reference refers to.","The confidentiality codes can carry multiple vocabulary items. HL7 has developed an understanding of security and privacy tags that might be desirable in a Document Sharing environment, called HL7 Healthcare Privacy and Security Classification System (HCS). The following specification is recommended but not mandated, as the vocabulary bindings are an administrative domain responsibility. The use of this method is up to the policy domain such as the XDS Affinity Domain or other Trust Domain where all parties including sender and recipients are trusted to appropriately tag and enforce.   In the HL7 Healthcare Privacy and Security Classification (HCS) there are code systems specific to Confidentiality, Sensitivity, Integrity, and Handling Caveats. Some values would come from a local vocabulary as they are related to workflow roles and special projects.","Use of the Health Care Privacy/Security Classification (HCS) system of security-tag use is recommended.","","","","","","","",,"extensible","Security Labels from the Healthcare Privacy and Security Classification System.","http://hl7.org/fhir/ValueSet/security-labels","",,,,"DocumentReference.securityLabel",0,*,"","",".confidentialityCode","TXA-18","DocumentEntry.confidentialityCode"
"DocumentReference.content","","","",1,*,"Y","","Y","BackboneElement {[]} {[]}
","Omh datapoint url","The url for the omh datapoint.","","The url for the omh datapoint is need to retrieve the actual omh data.","","","","","","","",,,,,"",,,,"DocumentReference.content",1,*,"","ele-1:All FHIR elements must have a @value or children {hasValue() | (children().count() > id.count())}
","document.text"
"DocumentReference.content.id","","","",0,1,"","","","string {[]} {[]}
","xml:id (or equivalent in JSON)","unique id for the element within a resource (for internal references). This may be any string value that does not contain spaces.","","","","","","","","","",,,,,"",,,,"Element.id",0,1,"","","n/a"
"DocumentReference.content.extension","","extensions
user content","",0,*,"","","","Extension {[]} {[]}
","Additional Content defined by implementations","May be used to represent additional information that is not part of the basic definition of the element. In order to make the use of extensions safe and manageable, there is a strict set of governance  applied to the definition and use of extensions. Though any implementer is allowed to define an extension, there is a set of requirements that SHALL be met as part of the definition of the extension.","There can be no stigma associated with the use of extensions by any application, project, or standard - regardless of the institution or jurisdiction that uses or defines the extensions.  The use of extensions is what allows the FHIR specification to retain a core level of simplicity for everyone.","","","","","","","","",,,,,"",,,,"Element.extension",0,*,"","","n/a"
"DocumentReference.content.modifierExtension","","extensions
user contentmodifiers","",0,*,"","Y","Y","Extension {[]} {[]}
","Extensions that cannot be ignored","May be used to represent additional information that is not part of the basic definition of the element, and that modifies the understanding of the element that contains it. Usually modifier elements provide negation or qualification. In order to make the use of extensions safe and manageable, there is a strict set of governance applied to the definition and use of extensions. Though any implementer is allowed to define an extension, there is a set of requirements that SHALL be met as part of the definition of the extension. Applications processing a resource are required to check for modifier extensions.","There can be no stigma associated with the use of extensions by any application, project, or standard - regardless of the institution or jurisdiction that uses or defines the extensions.  The use of extensions is what allows the FHIR specification to retain a core level of simplicity for everyone.","","","","","","","","",,,,,"",,,,"BackboneElement.modifierExtension",0,*,"","","N/A"
"DocumentReference.content.attachment","","","",1,1,"Y","","Y","Attachment {[]} {[]}
","Where to access the document","The document or URL of the document along with critical metadata to prove content has integrity.","","","","","","","","","",,,,,"",,,,"DocumentReference.content.attachment",1,1,"","","document.text","TXA-3 for mime type","DocumentEntry.mimeType DocumentEntry.languageCode DocumentEntry.URI DocumentEntry.size DocumentEntry.hash DocumentEntry.title"
"DocumentReference.content.attachment.id","","","",0,1,"","","","string {[]} {[]}
","xml:id (or equivalent in JSON)","unique id for the element within a resource (for internal references). This may be any string value that does not contain spaces.","","","","","","","","","",,,,,"",,,,"Element.id",0,1,"","","n/a"
"DocumentReference.content.attachment.extension","","extensions
user content","",0,*,"","","","Extension {[]} {[]}
","Additional Content defined by implementations","May be used to represent additional information that is not part of the basic definition of the element. In order to make the use of extensions safe and manageable, there is a strict set of governance  applied to the definition and use of extensions. Though any implementer is allowed to define an extension, there is a set of requirements that SHALL be met as part of the definition of the extension.","There can be no stigma associated with the use of extensions by any application, project, or standard - regardless of the institution or jurisdiction that uses or defines the extensions.  The use of extensions is what allows the FHIR specification to retain a core level of simplicity for everyone.","","","","","","","","",,,,,"","value:url}
","Extensions are always sliced by (at least) url",,"open","Element.extension",0,*,"","","n/a"
"DocumentReference.content.attachment.contentType","","","",1,1,"Y","","Y","code {[]} {[]}
","Mime type of the content, with charset etc.","Identifies the type of the data in the attachment and allows a method to be chosen to interpret or render the data. Includes mime type parameters such as charset where appropriate.","","Processors of the data need to be able to know how to interpret the data.","","","<valueCode xmlns=""http://hl7.org/fhir"" value=""application/json""/>","","<valueCode xmlns=""http://hl7.org/fhir"" value=""text/plain; charset=UTF-8, image/png""/>","","",,"required","The mime type of an attachment. Any valid mime type is allowed.","http://hl7.org/fhir/ValueSet/mimetypes","",,,,"Attachment.contentType",0,1,"","","./mediaType, ./charset","ED.2+ED.3/RP.2+RP.3. Note conversion may be needed if old style values are being used"
"DocumentReference.content.attachment.language","","","",0,1,"","","Y","code {[]} {[]}
","Human language of the content (BCP-47)","The human language of the content. The value can be any valid value according to BCP 47.","","Users need to be able to choose between the languages in a set of attachments.","","","","","<valueCode xmlns=""http://hl7.org/fhir"" value=""en-AU""/>","","",,"extensible","A human language.","http://hl7.org/fhir/ValueSet/languages","",,,,"Attachment.language",0,1,"","","./language"
"DocumentReference.content.attachment.data","","","",0,1,"","","","base64Binary {[]} {[]}
","Data inline, base64ed","The actual data of the attachment - a sequence of bytes. In XML, represented using base64.","The base64-encoded data SHALL be expressed in the same character set as the base resource XML or JSON.","The data needs to able to be transmitted inline.","","","","","","","",,,,,"",,,,"Attachment.data",0,1,"","","./data","ED.5"
"DocumentReference.content.attachment.url","","","",1,1,"Y","","Y","uri {[]} {[]}
","Uri where the data can be found","An alternative location where the data can be accessed.","If both data and url are provided, the url SHALL point to the same content as the data contains. Urls may be relative references or may reference transient locations such as a wrapping envelope using cid: though this has ramifications for using signatures. Relative URLs are interpreted relative to the service url, like a resource reference, rather than relative to the resource itself. If a URL is provided, it SHALL resolve to actual data.","The data needs to be transmitted by reference.","","","","","<valueUri xmlns=""http://hl7.org/fhir"" value=""http://www.acme.com/logo-small.png""/>","","",,,,,"",,,,"Attachment.url",0,1,"","","./reference/literal","RP.1+RP.2 - if they refer to a URL (see v2.6)"
"DocumentReference.content.attachment.size","","","",0,1,"","","Y","unsignedInt {[]} {[]}
","Number of bytes of content (if url provided)","The number of bytes of data that make up this attachment (before base64 encoding, if that is done).","The number of bytes is redundant if the data is provided as a base64binary, but is useful if the data is provided as a url reference.","Representing the size allows applications to determine whether they should fetch the content automatically in advance, or refuse to fetch it at all.","","","","","","","",,,,,"",,,,"Attachment.size",0,1,"","","N/A (needs data type R3 proposal)"
"DocumentReference.content.attachment.hash","","","",0,1,"","","Y","base64Binary {[]} {[]}
","Hash of the data (sha-1, base64ed)","The calculated hash of the data using SHA-1. Represented using base64.","The hash is calculated on the data prior to base64 encoding, if the data is based64 encoded.","Included so that applications can verify that the contents of a location have not changed and so that a signature of the content can implicitly sign the content of an image without having to include the data in the instance or reference the url in the signature.","","","","","","","",,,,,"",,,,"Attachment.hash",0,1,"","",".integrityCheck[parent::ED/integrityCheckAlgorithm=""SHA-1""]"
"DocumentReference.content.attachment.title","","","",0,1,"","","Y","string {[]} {[]}
","Label to display in place of the data","A label or set of text to display in place of the data.","","Applications need a label to display to a human user in place of the actual data if the data cannot be rendered or perceived by the viewer.","","","","","<valueString xmlns=""http://hl7.org/fhir"" value=""Official Corporate Logo""/>","","",,,,,"",,,,"Attachment.title",0,1,"","","./title/data"
"DocumentReference.content.attachment.creation","","","",0,1,"","","Y","dateTime {[]} {[]}
","Date attachment was first created","The date that the attachment was first created.","","This is often tracked as an integrity issue for use of the attachment.","","","","","","","",,,,,"",,,,"Attachment.creation",0,1,"","","N/A (needs data type R3 proposal)"
"DocumentReference.content.format","","","",0,1,"","","Y","Coding {[]} {[]}
","Format/content rules for the document","An identifier of the document encoding, structure, and template that the document conforms to beyond the base format indicated in the mimeType.","Note that while IHE mostly issues URNs for format types, not all documents can be identified by a URI.","","","","","","","","",,"preferred","Document Format Codes.","http://hl7.org/fhir/ValueSet/formatcodes","",,,,"DocumentReference.content.format",0,1,"","","document.text","DocumentEntry.formatCode"
"DocumentReference.context","","","",0,1,"Y","","Y","BackboneElement {[]} {[]}
","Clinical context of document","The clinical context in which the document was prepared.","These values are primarily added to help with searching for interesting/relevant documents.","","","","","","","","",,,,,"",,,,"DocumentReference.context",0,1,"","ele-1:All FHIR elements must have a @value or children {hasValue() | (children().count() > id.count())}
","outboundRelationship[typeCode=""SUBJ""].target[classCode<'ACT']"
"DocumentReference.context.id","","","",0,1,"","","","string {[]} {[]}
","xml:id (or equivalent in JSON)","unique id for the element within a resource (for internal references). This may be any string value that does not contain spaces.","","","","","","","","","",,,,,"",,,,"Element.id",0,1,"","","n/a"
"DocumentReference.context.extension","","extensions
user content","",0,*,"","","","Extension {[]} {[]}
","Additional Content defined by implementations","May be used to represent additional information that is not part of the basic definition of the element. In order to make the use of extensions safe and manageable, there is a strict set of governance  applied to the definition and use of extensions. Though any implementer is allowed to define an extension, there is a set of requirements that SHALL be met as part of the definition of the extension.","There can be no stigma associated with the use of extensions by any application, project, or standard - regardless of the institution or jurisdiction that uses or defines the extensions.  The use of extensions is what allows the FHIR specification to retain a core level of simplicity for everyone.","","","","","","","","",,,,,"",,,,"Element.extension",0,*,"","","n/a"
"DocumentReference.context.modifierExtension","","extensions
user contentmodifiers","",0,*,"","Y","Y","Extension {[]} {[]}
","Extensions that cannot be ignored","May be used to represent additional information that is not part of the basic definition of the element, and that modifies the understanding of the element that contains it. Usually modifier elements provide negation or qualification. In order to make the use of extensions safe and manageable, there is a strict set of governance applied to the definition and use of extensions. Though any implementer is allowed to define an extension, there is a set of requirements that SHALL be met as part of the definition of the extension. Applications processing a resource are required to check for modifier extensions.","There can be no stigma associated with the use of extensions by any application, project, or standard - regardless of the institution or jurisdiction that uses or defines the extensions.  The use of extensions is what allows the FHIR specification to retain a core level of simplicity for everyone.","","","","","","","","",,,,,"",,,,"BackboneElement.modifierExtension",0,*,"","","N/A"
"DocumentReference.context.encounter","","","",0,1,"","","Y","Reference {[]} {[CanonicalType[http://hl7.org/fhir/StructureDefinition/Encounter]]}
","Context of the document  content","Describes the clinical encounter or type of care that the document content is associated with.","","","","","","","","","",,,,,"",,,,"DocumentReference.context.encounter",0,1,"","","unique(highest(./outboundRelationship[typeCode=""SUBJ"" and isNormalActRelationship()], priorityNumber)/target[moodCode=""EVN"" and classCode=(""ENC"", ""PCPR"") and isNormalAct])","context"
"DocumentReference.context.event","","","",0,*,"","","Y","CodeableConcept {[]} {[]}
","Main clinical acts documented","This list of codes represents the main clinical acts, such as a colonoscopy or an appendectomy, being documented. In some cases, the event is inherent in the typeCode, such as a ""History and Physical Report"" in which the procedure being documented is necessarily a ""History and Physical"" act.","An event can further specialize the act inherent in the type, such as  where it is simply ""Procedure Report"" and the procedure was a ""colonoscopy"". If one or more event codes are included, they shall not conflict with the values inherent in the class or type elements as such a conflict would create an ambiguous situation.","","","","","","","","",,"example","This list of codes represents the main clinical acts being documented.","http://hl7.org/fhir/ValueSet/v3-ActCode","",,,,"DocumentReference.context.event",0,*,"","",".code","DocumentEntry.eventCodeList"
"DocumentReference.context.period","","","",0,1,"Y","","Y","Period {[]} {[]}
","Omh schema date range","The date range for the Omh schema activity.","","The content period is needed for searching omh schemas by date.","","","","","","","",,,,,"",,,,"DocumentReference.context.period",0,1,"","",".effectiveTime","DocumentEntry.serviceStartTime DocumentEntry.serviceStopTime"
"DocumentReference.context.facilityType","","","",0,1,"","","Y","CodeableConcept {[]} {[]}
","Kind of facility where patient was seen","The kind of facility where the patient was seen.","","","","","","","","","",,"example","XDS Facility Type.","http://hl7.org/fhir/ValueSet/c80-facilitycodes","",,,,"DocumentReference.context.facilityType",0,1,"","",".participation[typeCode=""LOC""].role[classCode=""DSDLOC""].code","DocumentEntry.healthcareFacilityTypeCode"
"DocumentReference.context.practiceSetting","","","",0,1,"","","Y","CodeableConcept {[]} {[]}
","Additional details about where the content was created (e.g. clinical specialty)","This property may convey specifics about the practice setting where the content was created, often reflecting the clinical specialty.","The value set for this content has an example binding because it is a value set decided by community policy. Other examples exist for consideration: * HITSP created the table HITSP/C80 Table 2-148 Clinical Specialty Value Set (a value set based upon SNOMED CT which is referenced by Direct (XDR and XDM for Direct Messaging Specification, Version 1), as well as Nationwide Health Information Network (NHIN).  Query for Documents, Web Service Interface Specification, V 3.0, 07/27/2011 * ELGA (Austria) (ELGA CDA Implementie-rungsleitfäden Registrierung von CDA Dokumenten für ELGA mit IHE Cross-Enterprise Document Sharing: XDS Metadaten (XDSDocumentEntry), [1.2.40.0.34.7.6.3] * XDS Connect-a-thon practiceSettingCode.","This is an important piece of metadata that providers often rely upon to quickly sort and/or filter out to find specific content.","","","","","","","",,"example","Additional details about where the content was created (e.g. clinical specialty).","http://hl7.org/fhir/ValueSet/c80-practice-codes","",,,,"DocumentReference.context.practiceSetting",0,1,"","",".participation[typeCode=""LOC""].role[classCode=""DSDLOC""].code","DocumentEntry.practiceSettingCode"
"DocumentReference.context.sourcePatientInfo","","","",0,1,"","","Y","Reference {[]} {[CanonicalType[http://hl7.org/fhir/StructureDefinition/Patient]]}
","Patient demographics from source","The Patient Information as known when the document was published. May be a reference to a version specific, or contained.","","","","","","","","","",,,,,"",,,,"DocumentReference.context.sourcePatientInfo",0,1,"","",".participation[typeCode=""SBJ""].role[typeCode=""PAT""]","DocumentEntry.sourcePatientInfo DocumentEntry.sourcePatientId"
"DocumentReference.context.related","","","",0,*,"","","Y","BackboneElement {[]} {[]}
","Related identifiers or resources","Related identifiers or resources associated with the DocumentReference.","May be identifiers or resources that caused the DocumentReference or referenced Document to be created.","","","","","","","","",,,,,"",,,,"DocumentReference.context.related",0,*,"","ele-1:All FHIR elements must have a @value or children {hasValue() | (children().count() > id.count())}
","./outboundRelationship[typeCode=""PERT"" and isNormalActRelationship()] / target[isNormalAct]","DocumentEntry.referenceIdList"
"DocumentReference.context.related.id","","","",0,1,"","","","string {[]} {[]}
","xml:id (or equivalent in JSON)","unique id for the element within a resource (for internal references). This may be any string value that does not contain spaces.","","","","","","","","","",,,,,"",,,,"Element.id",0,1,"","","n/a"
"DocumentReference.context.related.extension","","extensions
user content","",0,*,"","","","Extension {[]} {[]}
","Additional Content defined by implementations","May be used to represent additional information that is not part of the basic definition of the element. In order to make the use of extensions safe and manageable, there is a strict set of governance  applied to the definition and use of extensions. Though any implementer is allowed to define an extension, there is a set of requirements that SHALL be met as part of the definition of the extension.","There can be no stigma associated with the use of extensions by any application, project, or standard - regardless of the institution or jurisdiction that uses or defines the extensions.  The use of extensions is what allows the FHIR specification to retain a core level of simplicity for everyone.","","","","","","","","",,,,,"",,,,"Element.extension",0,*,"","","n/a"
"DocumentReference.context.related.modifierExtension","","extensions
user contentmodifiers","",0,*,"","Y","Y","Extension {[]} {[]}
","Extensions that cannot be ignored","May be used to represent additional information that is not part of the basic definition of the element, and that modifies the understanding of the element that contains it. Usually modifier elements provide negation or qualification. In order to make the use of extensions safe and manageable, there is a strict set of governance applied to the definition and use of extensions. Though any implementer is allowed to define an extension, there is a set of requirements that SHALL be met as part of the definition of the extension. Applications processing a resource are required to check for modifier extensions.","There can be no stigma associated with the use of extensions by any application, project, or standard - regardless of the institution or jurisdiction that uses or defines the extensions.  The use of extensions is what allows the FHIR specification to retain a core level of simplicity for everyone.","","","","","","","","",,,,,"",,,,"BackboneElement.modifierExtension",0,*,"","","N/A"
"DocumentReference.context.related.identifier","","","",0,1,"","","Y","Identifier {[]} {[]}
","Identifier of related objects or events","Related identifier to this DocumentReference. If both id and ref are present they shall refer to the same thing.","Order numbers, accession numbers, XDW workflow numbers.","","","","","","","","",,,,,"",,,,"DocumentReference.context.related.identifier",0,1,"","","./outboundRelationship[typeCode=""PERT"" and isNormalActRelationship()] / target[isNormalAct] .id"
"DocumentReference.context.related.ref","","","",0,1,"","","Y","Reference {[]} {[CanonicalType[http://hl7.org/fhir/StructureDefinition/Resource]]}
","Related Resource","Related Resource to this DocumentReference. If both id and ref are present they shall refer to the same thing.","Order, ProcedureRequest,  Procedure, EligibilityRequest, etc.","","","","","","","","",,,,,"",,,,"DocumentReference.context.related.ref",0,1,"","","./outboundRelationship[typeCode=""PERT"" and isNormalActRelationship()] / target[isNormalAct].text.reference"
